USE CADASTRO;
INSERT INTO COMPRADORES (CPF, NOME, IDADE, CIDADE, COMPRAS) VALUES ('94333127066','Paulo Fagundes',18,'Areado',2);
INSERT INTO COMPRADORES (CPF, NOME, IDADE, CIDADE, COMPRAS) VALUES ('28687280064','Ana Salazar',36,'Alterosa',0);
INSERT INTO COMPRADORES (CPF, NOME, IDADE, CIDADE, COMPRAS) VALUES ('38195383550','Gustavo Guanabara',50,'Areado',3);
INSERT INTO COMPRADORES (CPF, NOME, IDADE, CIDADE, COMPRAS) VALUES ('22646990299','Marcela Alves',22,'Alterosa',1);
INSERT INTO COMPRADORES (CPF, NOME, IDADE, CIDADE, COMPRAS) VALUES ('59803273496','Edson Jesus',39,'Areado',0);
INSERT INTO COMPRADORES (CPF, NOME, IDADE, CIDADE, COMPRAS) VALUES ('37681414324','Rafaela Mattos',20,'Alterosa',1);
INSERT INTO COMPRADORES (CPF, NOME, IDADE, CIDADE, COMPRAS) VALUES ('31291611253','Lucas Soares',63,'Areado',2);
INSERT INTO COMPRADORES (CPF, NOME, IDADE, CIDADE, COMPRAS) VALUES ('75846402432','Pedro Fagundes',27,'Alterosa',0);
INSERT INTO COMPRADORES (CPF, NOME, IDADE, CIDADE, COMPRAS) VALUES ('98637335011','Joyce Cavalcante',18,'Areado',1);
INSERT INTO COMPRADORES (CPF, NOME, IDADE, CIDADE, COMPRAS) VALUES ('32671709335','César Salvador',25,'Alterosa',0);
INSERT INTO VENDEDORES (REGISTRO, NOME, CIDADE, PERCENTUAL, VENDAS) VALUES ('20005','Lucas Barreto','Areado',0.12,2);
INSERT INTO VENDEDORES (REGISTRO, NOME, CIDADE, PERCENTUAL, VENDAS) VALUES ('20010','Bruno Mendes','Alterosa',0.12,3);
INSERT INTO VENDEDORES (REGISTRO, NOME, CIDADE, PERCENTUAL, VENDAS) VALUES ('20015','Douglas Costa','Areado',0.12,3);
INSERT INTO VENDEDORES (REGISTRO, NOME, CIDADE, PERCENTUAL, VENDAS) VALUES ('20020','Olavo Carvalho','Alterosa',0.12,2);
INSERT INTO VENDEDORES (REGISTRO, NOME, CIDADE, PERCENTUAL, VENDAS) VALUES ('20025','Carlos Fonseca','Areado',0.12,0);
INSERT INTO PRODUTOS (PRODUTO, MARCA, EMBALAGEM, TAMANHO, SABOR, VALOR) VALUES ('21020010','Sabor da Montanha','Garrafa','1L','Uva',20.86);
INSERT INTO PRODUTOS (PRODUTO, MARCA, EMBALAGEM, TAMANHO, SABOR, VALOR) VALUES ('21020020','Seu Refresco','PET','2L','Morango',8.52);
INSERT INTO PRODUTOS (PRODUTO, MARCA, EMBALAGEM, TAMANHO, SABOR, VALOR) VALUES ('21020030','Sabor da Montanha','PET','2L','Abacate',10.32);
INSERT INTO PRODUTOS (PRODUTO, MARCA, EMBALAGEM, TAMANHO, SABOR, VALOR) VALUES ('21020040','Seu Refresco','Garrafa','1L','Manga',18.63);
INSERT INTO PRODUTOS (PRODUTO, MARCA, EMBALAGEM, TAMANHO, SABOR, VALOR) VALUES ('21020050','Sabor da Montanha','Garrafa','2L','Uva',33.68);
INSERT INTO PRODUTOS (PRODUTO, MARCA, EMBALAGEM, TAMANHO, SABOR, VALOR) VALUES ('21020060','Seu Refresco','PET','1L','Morango',6.53);
INSERT INTO PRODUTOS (PRODUTO, MARCA, EMBALAGEM, TAMANHO, SABOR, VALOR) VALUES ('21020070','Sabor da Montanha','PET','1L','Abacate',8.32);
INSERT INTO PRODUTOS (PRODUTO, MARCA, EMBALAGEM, TAMANHO, SABOR, VALOR) VALUES ('21020080','Seu Refresco','Garrafa','2L','Manga',22.63);
INSERT INTO PRODUTOS (PRODUTO, MARCA, EMBALAGEM, TAMANHO, SABOR, VALOR) VALUES ('21020090','Sabor da Montanha','Garrafa','3L','Uva',42.58);
INSERT INTO PRODUTOS (PRODUTO, MARCA, EMBALAGEM, TAMANHO, SABOR, VALOR) VALUES ('21020100','Seu Refresco','PET','3L','Morango',10.52);
INSERT INTO VENDAS (VENDA, VENDEDOR, COMPRADOR, PRODUTO, DATA_VENDA, VALOR) VALUES ('20150649504223','20005','94333127066','21020080','2023-11-07',22.63);
INSERT INTO VENDAS (VENDA, VENDEDOR, COMPRADOR, PRODUTO, DATA_VENDA, VALOR) VALUES ('42433756132852','20010','22646990299','21020010','2023-11-07',20.86);
INSERT INTO VENDAS (VENDA, VENDEDOR, COMPRADOR, PRODUTO, DATA_VENDA, VALOR) VALUES ('10132998362427','20020','38195383550','21020020','2023-11-07',8.52);
INSERT INTO VENDAS (VENDA, VENDEDOR, COMPRADOR, PRODUTO, DATA_VENDA, VALOR) VALUES ('47596920896985','20015','31291611253','21020030','2023-11-07',10.32);
INSERT INTO VENDAS (VENDA, VENDEDOR, COMPRADOR, PRODUTO, DATA_VENDA, VALOR) VALUES ('59017577863622','20005','94333127066','21020050','2023-11-07',33.68);
INSERT INTO VENDAS (VENDA, VENDEDOR, COMPRADOR, PRODUTO, DATA_VENDA, VALOR) VALUES ('94126727389879','20015','31291611253','21020060','2023-11-07',6.53);
INSERT INTO VENDAS (VENDA, VENDEDOR, COMPRADOR, PRODUTO, DATA_VENDA, VALOR) VALUES ('79181727499470','20010','38195383550','21020010','2023-11-07',20.86);
INSERT INTO VENDAS (VENDA, VENDEDOR, COMPRADOR, PRODUTO, DATA_VENDA, VALOR) VALUES ('94538992197180','20020','38195383550','21020030','2023-11-07',10.32);
INSERT INTO VENDAS (VENDA, VENDEDOR, COMPRADOR, PRODUTO, DATA_VENDA, VALOR) VALUES ('44024018362567','20010','37681414324','21020060','2023-11-07',6.53);
INSERT INTO VENDAS (VENDA, VENDEDOR, COMPRADOR, PRODUTO, DATA_VENDA, VALOR) VALUES ('29497608584466','20015','98637335011','21020030','2023-11-07',10.32);